restaurant,avg_calories,min_calories,max_calories,avg_carbs
Chick Fil-A,384.44444444444446,70,970,28.62962962962963
Dairy Queen,520.2380952380952,20,1260,38.69047619047619
Burger King,608.5714285714286,190,1550,39.31428571428572
Arbys,532.7272727272727,70,1030,44.872727272727275
Taco Bell,443.6521739130435,140,880,46.63478260869565
